epoch,time,train/box_loss,train/cls_loss,train/dfl_loss,metrics/precision(B),metrics/recall(B),metrics/mAP50(B),metrics/mAP50-95(B),val/box_loss,val/cls_loss,val/dfl_loss,lr/pg0,lr/pg1,lr/pg2
1,383.717,1.05336,2.40377,1.83951,0.37874,0.41038,0.29138,0.22831,0.77311,1.50207,1.59629,0.000302816,0.000302816,0.000302816
2,743.426,0.88268,1.56752,1.7101,0.62956,0.43003,0.45245,0.36245,0.7365,1.17,1.56092,0.00058868,0.00058868,0.00058868
3,1094.24,0.85627,1.3933,1.70783,0.67384,0.44414,0.48161,0.3873,0.73892,1.09353,1.54051,0.000857403,0.000857403,0.000857403
4,1444.65,0.82316,1.29964,1.69232,0.71362,0.45867,0.49925,0.40974,0.67937,0.99328,1.48139,0.000831865,0.000831865,0.000831865
5,1786.71,0.79116,1.21438,1.67454,0.76468,0.46974,0.52443,0.44013,0.65975,0.91547,1.48279,0.000806153,0.000806153,0.000806153
